<?xml version="1.0" encoding="ISO-8859-1"?>
<project name="Nifty GUI - nifty-default-controls">
  <bannerLeft>
    <name>Nifty Default Controls</name>
    <href>http://nifty-gui.sourceforge.net/projects/nifty-default-controls/</href>
  </bannerLeft>
  <publishDate format="dd.MM.yyyy" position="left" />
  <version position="left" />
  <body>
    <links>
      <item name="[Nifty]" href="../nifty/project-reports.html" />
      <item name="[Blog]" href="http://nifty-gui.lessvoid.com"/>
    </links>
    <breadcrumbs>
      <item name="${project.name}" />
    </breadcrumbs>
    <menu ref="reports"/>
    <menu ref="modules" />
  </body>
</project>
