<?xml version="1.0" encoding="UTF-8"?>
<nifty-controls xmlns="http://nifty-gui.lessvoid.com/nifty-gui">
  <!-- DRAGGABLE CONTROL -->
  <controlDefinition name="draggable" childRootId="#draggableContent" controller="de.lessvoid.nifty.controls.dragndrop.DraggableControl">
    <panel id="#draggableContent">
      <interact onClick="bringToFront()" onClickMouseMove="drag()" onRelease="dragStop()" />
    </panel>
  </controlDefinition>

  <!-- DROPPABLE CONTROL -->
  <controlDefinition name="droppable" childRootId="#droppableContent" controller="de.lessvoid.nifty.controls.dragndrop.DroppableControl">
    <panel childLayout="absolute">
      <panel id="#droppableContent" x="0px" y="0px" width="100%" height="100%" childLayout="center"/>
    </panel>
  </controlDefinition>

  <!-- DRAGGABLE POPUP -->
  <popup id="draggablePopup" childLayout="absolute" />
</nifty-controls>